{
  "status": "success",
  "measurements_count": 1,
  "memory": {
    "peak_mb": 284.5078125,
    "avg_mb": 284.5078125,
    "final_mb": 284.5078125
  },
  "cpu": {
    "peak_percent": 0.0,
    "avg_percent": 0.0
  },
  "elapsed_seconds": 4.089474439620972
}