{
  "status": "success",
  "measurements_count": 1,
  "memory": {
    "peak_mb": 260.2890625,
    "avg_mb": 260.2890625,
    "final_mb": 260.2890625
  },
  "cpu": {
    "peak_percent": 0.0,
    "avg_percent": 0.0
  },
  "elapsed_seconds": 1.9284062385559082
}